Name,Phone,Email,Product,Message
chutar,465153416,hkumar51622@gmail.com,arerttt,
harsh,09528514757,hkumar51622@gmail.com,sjFCN,
harsh,09528514757,hkumar51622@gmail.com,sjFCN,
chutar,465153416,hkumar51622@gmail.com,afeafeaf,
chutar,465153416,hkumar51622@gmail.com,afeafeaf,
harsh,09528514757,hkumar51622@gmail.com,kjhk,
hjgkgku,65674646,dgdfgdgg@gmail.com,kjhk,
harsh,09528514757,hkumar51622@gmail.com,hjgiug,
harsh,09528514757,hkumar51622@gmail.com,hjgiug,
lksMF:,564684864,zdkljvodajva@gmail.com,zdvlojzd,
gandu,09528514757,hkumar51622@gmail.com,hjgiug,
aandu,68461416546,hkumar51622@gmail.com,tfhr,
asdugandu,6546464445654,hkumar51622@gmail.com,,wete4
madar,6546464445654,hkumar51622@gmail.com,,wete4
